{
  "hash": "80bc39ef",
  "configHash": "b4a12b10",
  "lockfileHash": "bf4b3b61",
  "browserHash": "aada08f6",
  "optimized": {
    "@angular/animations": {
      "src": "../../../../../node_modules/@angular/animations/fesm2022/animations.mjs",
      "file": "@angular_animations.js",
      "fileHash": "98a4d0e2",
      "needsInterop": false
    },
    "@angular/common": {
      "src": "../../../../../node_modules/@angular/common/fesm2022/common.mjs",
      "file": "@angular_common.js",
      "fileHash": "a71d83e7",
      "needsInterop": false
    },
    "@angular/common/http": {
      "src": "../../../../../node_modules/@angular/common/fesm2022/http.mjs",
      "file": "@angular_common_http.js",
      "fileHash": "2fd83a91",
      "needsInterop": false
    },
    "@angular/core": {
      "src": "../../../../../node_modules/@angular/core/fesm2022/core.mjs",
      "file": "@angular_core.js",
      "fileHash": "3aeda934",
      "needsInterop": false
    },
    "@angular/forms": {
      "src": "../../../../../node_modules/@angular/forms/fesm2022/forms.mjs",
      "file": "@angular_forms.js",
      "fileHash": "e536f265",
      "needsInterop": false
    },
    "@angular/platform-browser": {
      "src": "../../../../../node_modules/@angular/platform-browser/fesm2022/platform-browser.mjs",
      "file": "@angular_platform-browser.js",
      "fileHash": "4e0e07f6",
      "needsInterop": false
    },
    "@angular/platform-browser/animations": {
      "src": "../../../../../node_modules/@angular/platform-browser/fesm2022/animations.mjs",
      "file": "@angular_platform-browser_animations.js",
      "fileHash": "e1b2a473",
      "needsInterop": false
    },
    "@angular/router": {
      "src": "../../../../../node_modules/@angular/router/fesm2022/router.mjs",
      "file": "@angular_router.js",
      "fileHash": "c9fb0329",
      "needsInterop": false
    },
    "@ngx-translate/core": {
      "src": "../../../../../node_modules/@ngx-translate/core/dist/fesm2022/ngx-translate-core.mjs",
      "file": "@ngx-translate_core.js",
      "fileHash": "426901e9",
      "needsInterop": false
    },
    "@ngx-translate/http-loader": {
      "src": "../../../../../node_modules/@ngx-translate/http-loader/dist/fesm2022/ngx-translate-http-loader.mjs",
      "file": "@ngx-translate_http-loader.js",
      "fileHash": "4eab2336",
      "needsInterop": false
    },
    "jwt-decode": {
      "src": "../../../../../node_modules/jwt-decode/build/esm/index.js",
      "file": "jwt-decode.js",
      "fileHash": "a07bcd27",
      "needsInterop": false
    },
    "moment": {
      "src": "../../../../../node_modules/moment/moment.js",
      "file": "moment.js",
      "fileHash": "324adc91",
      "needsInterop": true
    },
    "ngx-toastr": {
      "src": "../../../../../node_modules/ngx-toastr/fesm2022/ngx-toastr.mjs",
      "file": "ngx-toastr.js",
      "fileHash": "d44c1e98",
      "needsInterop": false
    },
    "rxjs": {
      "src": "../../../../../node_modules/rxjs/dist/esm5/index.js",
      "file": "rxjs.js",
      "fileHash": "57d177eb",
      "needsInterop": false
    },
    "rxjs/operators": {
      "src": "../../../../../node_modules/rxjs/dist/esm5/operators/index.js",
      "file": "rxjs_operators.js",
      "fileHash": "95750280",
      "needsInterop": false
    }
  },
  "chunks": {
    "chunk-XK5ROJZ5": {
      "file": "chunk-XK5ROJZ5.js"
    },
    "chunk-GVIHUBZ7": {
      "file": "chunk-GVIHUBZ7.js"
    },
    "chunk-3O5NC7PE": {
      "file": "chunk-3O5NC7PE.js"
    },
    "chunk-CVWGXVW5": {
      "file": "chunk-CVWGXVW5.js"
    },
    "chunk-JCUHLNLP": {
      "file": "chunk-JCUHLNLP.js"
    },
    "chunk-SAVXX6OM": {
      "file": "chunk-SAVXX6OM.js"
    },
    "chunk-SG3BCSKH": {
      "file": "chunk-SG3BCSKH.js"
    },
    "chunk-PQ7O3X3G": {
      "file": "chunk-PQ7O3X3G.js"
    },
    "chunk-X6JV76XL": {
      "file": "chunk-X6JV76XL.js"
    }
  }
}